source,driving
00000137.jpg,00000425.jpg
00000425.jpg,00000137.jpg
00001724.jpg,00003624.jpg
00003624.jpg,00001724.jpg
00000425.jpg,00001909.jpg
00001909.jpg,00000425.jpg
00000425.jpg,00003586.jpg
00003586.jpg,00000425.jpg
00001153.jpg,00003370.jpg
00003370.jpg,00001153.jpg
00001667.jpg,00001909.jpg
00001909.jpg,00001667.jpg
00000137.jpg,00000682.jpg
00000682.jpg,00000137.jpg
00001909.jpg,00003586.jpg
00003586.jpg,00001909.jpg
00000137.jpg,00001909.jpg
00001909.jpg,00000137.jpg
00000895.jpg,00001153.jpg
00001153.jpg,00000895.jpg
00000895.jpg,00001909.jpg
00001909.jpg,00000895.jpg
00001153.jpg,00002756.jpg
00002756.jpg,00001153.jpg
00001909.jpg,00002482.jpg
00002482.jpg,00001909.jpg
00000137.jpg,00000895.jpg
00000895.jpg,00000137.jpg
00000425.jpg,00000682.jpg
00000682.jpg,00000425.jpg
00000272.jpg,00003586.jpg
00003586.jpg,00000272.jpg
00000137.jpg,00003586.jpg
00003586.jpg,00000137.jpg
00000895.jpg,00003370.jpg
00003370.jpg,00000895.jpg
00000425.jpg,00000895.jpg
00000895.jpg,00000425.jpg
00003586.jpg,00003835.jpg
00003835.jpg,00003586.jpg
00000682.jpg,00001909.jpg
00001909.jpg,00000682.jpg
00000682.jpg,00000895.jpg
00000895.jpg,00000682.jpg
00001744.jpg,00002889.jpg
00002889.jpg,00001744.jpg
00000272.jpg,00003453.jpg
00003453.jpg,00000272.jpg
00000682.jpg,00001724.jpg
00001724.jpg,00000682.jpg
00000272.jpg,00000682.jpg
00000682.jpg,00000272.jpg
00001667.jpg,00002482.jpg
00002482.jpg,00001667.jpg
00000682.jpg,00003586.jpg
00003586.jpg,00000682.jpg
00000799.jpg,00003370.jpg
00003370.jpg,00000799.jpg
00000425.jpg,00003835.jpg
00001909.jpg,00003835.jpg
00003835.jpg,00000425.jpg
00003835.jpg,00001909.jpg
00002978.jpg,00003624.jpg
00003624.jpg,00002978.jpg
00001667.jpg,00003586.jpg
00003586.jpg,00001667.jpg
00000682.jpg,00003624.jpg
00003624.jpg,00000682.jpg
00001351.jpg,00003624.jpg
00003624.jpg,00001351.jpg
00000137.jpg,00003835.jpg
00003835.jpg,00000137.jpg
00002482.jpg,00003586.jpg
00003586.jpg,00002482.jpg
00000895.jpg,00003586.jpg
00003586.jpg,00000895.jpg
00000682.jpg,00003835.jpg
00003835.jpg,00000682.jpg
00000682.jpg,00003224.jpg
00003224.jpg,00000682.jpg
00000272.jpg,00003624.jpg
00003624.jpg,00000272.jpg
00002187.jpg,00003835.jpg
00003835.jpg,00002187.jpg
00000272.jpg,00000425.jpg
00000425.jpg,00000272.jpg
00000272.jpg,00001351.jpg
00001351.jpg,00000272.jpg
00002756.jpg,00003224.jpg
00003224.jpg,00002756.jpg
00001909.jpg,00003370.jpg
00003370.jpg,00001909.jpg
00000272.jpg,00003835.jpg
00003835.jpg,00000272.jpg
00000735.jpg,00002865.jpg
00002865.jpg,00000735.jpg
00000682.jpg,00003370.jpg
00003370.jpg,00000682.jpg
00001724.jpg,00002978.jpg
00002978.jpg,00001724.jpg
00001909.jpg,00002187.jpg
00002187.jpg,00001909.jpg
00001101.jpg,00003520.jpg
00003520.jpg,00001101.jpg
00000137.jpg,00000272.jpg
00000272.jpg,00000137.jpg
00000425.jpg,00001667.jpg
00000425.jpg,00002482.jpg
00001667.jpg,00000425.jpg
00002482.jpg,00000425.jpg
00001909.jpg,00004112.jpg
00002187.jpg,00002482.jpg
00002482.jpg,00002187.jpg
00004112.jpg,00001909.jpg
00000895.jpg,00004112.jpg
00004112.jpg,00000895.jpg
00000682.jpg,00001153.jpg
00000895.jpg,00001667.jpg
00001153.jpg,00000682.jpg
00001667.jpg,00000895.jpg
00001153.jpg,00001724.jpg
00001724.jpg,00001153.jpg
00002187.jpg,00004190.jpg
00004190.jpg,00002187.jpg
00002756.jpg,00003370.jpg
00003370.jpg,00002756.jpg
00000682.jpg,00001667.jpg
00001667.jpg,00000682.jpg
00000799.jpg,00000895.jpg
00000895.jpg,00000799.jpg
00002978.jpg,00003370.jpg
00003370.jpg,00002978.jpg
00001351.jpg,00001909.jpg
00001909.jpg,00001351.jpg
00003453.jpg,00003586.jpg
00003586.jpg,00003453.jpg
00000799.jpg,00001909.jpg
00001909.jpg,00000799.jpg
00000895.jpg,00003835.jpg
00003835.jpg,00000895.jpg
00000682.jpg,00002978.jpg
00002978.jpg,00000682.jpg
00002482.jpg,00003835.jpg
00003835.jpg,00002482.jpg
00001153.jpg,00003624.jpg
00003624.jpg,00001153.jpg
00000272.jpg,00001724.jpg
00001724.jpg,00000272.jpg
00000799.jpg,00004190.jpg
00001724.jpg,00002756.jpg
00002756.jpg,00001724.jpg
00004190.jpg,00000799.jpg
00001153.jpg,00002978.jpg
00002978.jpg,00001153.jpg
00000272.jpg,00001909.jpg
00001909.jpg,00000272.jpg
00000272.jpg,00001725.jpg
00001725.jpg,00000272.jpg
00000895.jpg,00003224.jpg
00003224.jpg,00000895.jpg
00003370.jpg,00004112.jpg
00004112.jpg,00003370.jpg
00000425.jpg,00003370.jpg
00003370.jpg,00000425.jpg
00000137.jpg,00002482.jpg
00002482.jpg,00000137.jpg
00001724.jpg,00003224.jpg
00003224.jpg,00001724.jpg
00003370.jpg,00004190.jpg
00004190.jpg,00003370.jpg
00000799.jpg,00001153.jpg
00001153.jpg,00000799.jpg
00000272.jpg,00002482.jpg
00002482.jpg,00000272.jpg
00000272.jpg,00003370.jpg
00003370.jpg,00000272.jpg
00000682.jpg,00001351.jpg
00001351.jpg,00000682.jpg
00001909.jpg,00002772.jpg
00002772.jpg,00001909.jpg
00001153.jpg,00003224.jpg
00003224.jpg,00001153.jpg
00003370.jpg,00003624.jpg
00003624.jpg,00003370.jpg
00003370.jpg,00003586.jpg
00003586.jpg,00003370.jpg
00001153.jpg,00001909.jpg
00001909.jpg,00001153.jpg
00000588.jpg,00001599.jpg
00001599.jpg,00000588.jpg
00000137.jpg,00001351.jpg
00001351.jpg,00000137.jpg
00001667.jpg,00003370.jpg
00003370.jpg,00001667.jpg
00000137.jpg,00001667.jpg
00001667.jpg,00000137.jpg
00000137.jpg,00000789.jpg
00000789.jpg,00000137.jpg
00000895.jpg,00002482.jpg
00001351.jpg,00001724.jpg
00001724.jpg,00001351.jpg
00002482.jpg,00000895.jpg
00001667.jpg,00003835.jpg
00003835.jpg,00001667.jpg
00001909.jpg,00004190.jpg
00004190.jpg,00001909.jpg
00001153.jpg,00003586.jpg
00003586.jpg,00001153.jpg
00002482.jpg,00002772.jpg
00002772.jpg,00002482.jpg
00002889.jpg,00003691.jpg
00003691.jpg,00002889.jpg
00000425.jpg,00002187.jpg
00001724.jpg,00003370.jpg
00002187.jpg,00000425.jpg
00003370.jpg,00001724.jpg
00000425.jpg,00001153.jpg
00000895.jpg,00002978.jpg
00001153.jpg,00000425.jpg
00002978.jpg,00000895.jpg
00000425.jpg,00004112.jpg
00004112.jpg,00000425.jpg
00000137.jpg,00003453.jpg
00003453.jpg,00000137.jpg
00000272.jpg,00002978.jpg
00000682.jpg,00000799.jpg
00000799.jpg,00000682.jpg
00002978.jpg,00000272.jpg
00000272.jpg,00001667.jpg
00001667.jpg,00000272.jpg
00000421.jpg,00001032.jpg
00001032.jpg,00000421.jpg
00000137.jpg,00003224.jpg
00003224.jpg,00000137.jpg
00003586.jpg,00003624.jpg
00003624.jpg,00003586.jpg
00002187.jpg,00003586.jpg
00003586.jpg,00002187.jpg
00001351.jpg,00001725.jpg
00001351.jpg,00003586.jpg
00001725.jpg,00001351.jpg
00003586.jpg,00001351.jpg
00003845.jpg,00003927.jpg
00003927.jpg,00003845.jpg
00003586.jpg,00004112.jpg
00004112.jpg,00003586.jpg
00001101.jpg,00001589.jpg
00001589.jpg,00001101.jpg
00000895.jpg,00001724.jpg
00001724.jpg,00000895.jpg
00002482.jpg,00003453.jpg
00003453.jpg,00002482.jpg
00001725.jpg,00003453.jpg
00003453.jpg,00001725.jpg
00000682.jpg,00003453.jpg
00003453.jpg,00000682.jpg
00000425.jpg,00001753.jpg
00001753.jpg,00000425.jpg
00002750.jpg,00003222.jpg
00002756.jpg,00003624.jpg
00003222.jpg,00002750.jpg
00003624.jpg,00002756.jpg
00000137.jpg,00001153.jpg
00001153.jpg,00000137.jpg
00003370.jpg,00003835.jpg
00003835.jpg,00003370.jpg
00000137.jpg,00001724.jpg
00001724.jpg,00000137.jpg
00001667.jpg,00001725.jpg
00001725.jpg,00001667.jpg
00001667.jpg,00001724.jpg
00001724.jpg,00001667.jpg
00000799.jpg,00003835.jpg
00003835.jpg,00000799.jpg
00000137.jpg,00003370.jpg
00003370.jpg,00000137.jpg
00000425.jpg,00001351.jpg
00000895.jpg,00002756.jpg
00001351.jpg,00000425.jpg
00002756.jpg,00000895.jpg
00000682.jpg,00000789.jpg
00000789.jpg,00000682.jpg
00000425.jpg,00003453.jpg
00003453.jpg,00000425.jpg
00000620.jpg,00003069.jpg
00000682.jpg,00002756.jpg
00002322.jpg,00003487.jpg
00002756.jpg,00000682.jpg
00003069.jpg,00000620.jpg
00003487.jpg,00002322.jpg
00001667.jpg,00003453.jpg
00003453.jpg,00001667.jpg
00000137.jpg,00003624.jpg
00003224.jpg,00003624.jpg
00003624.jpg,00000137.jpg
00003624.jpg,00003224.jpg
00001667.jpg,00003224.jpg
00003224.jpg,00001667.jpg
00001667.jpg,00002187.jpg
